cod_ibge,funcionarios_2012,funcionarios_estatutarios_2012
110001,994,792
110002,2578,2173
110003,320,245
110004,2144,1543
110005,580,492
110006,550,420
110007,429,402
110008,594,533
110009,955,634
110010,1268,1058
110011,1770,1029
110012,2905,2100
110013,1126,938
110014,656,524
110015,1495,1133
110018,1150,0
110020,12474,11024
110025,721,555
110026,263,199
110028,1593,1205
110029,340,248
110030,2897,1938
110032,803,678
110033,999,748
110034,742,616
110037,656,586
110040,677,505
110045,1211,890
110050,418,275
110060,319,302
110070,569,505
110080,792,463
110090,326,189
110092,584,420
110094,534,392
110100,594,426
110110,466,372
110120,413,364
110130,527,401
110140,620,399
110143,350,299
110145,263,166
110146,282,112
110147,305,256
110148,330,196
110149,788,529
110150,576,495
110155,272,238
110160,552,444
110170,419,333
110175,423,359
110180,542,404
120001,469,0
120005,197,0
120010,629,0
120013,NA,0
120017,NA,0
120020,2364,1534
120025,NA,0
120030,1031,516
120032,519,0
120033,551,457
120034,424,0
120035,648,607
120038,633,0
120039,479,446
120040,4950,3918
120042,733,676
120043,689,0
120045,716,649
120050,851,0
120060,1769,0
120070,NA,0
120080,NA,0
130002,906,386
130006,397,224
130008,441,192
130010,575,346
130014,685,610
130020,816,144
130030,2420,938
130040,816,693
130050,2222,480
130060,1626,896
130063,676,574
130068,589,420
130070,1547,943
130080,1683,524
130083,1061,776
130090,1323,581
130100,943,729
130110,1050,751
130115,893,649
130120,6518,2704
130130,1059,566
130140,1873,1231
130150,1343,641
130160,1779,1068
130165,813,483
130170,1733,717
130180,755,326
130185,2369,1775
130190,3465,2584
130195,588,322
130200,558,200
130210,931,241
130220,538,278
130230,793,62
130240,1182,592
130250,2104,1057
130255,1008,282
130260,32210,21912
130270,1513,880
130280,1037,162
130290,2016,1030
130300,143,39
130310,1598,438
130320,938,453
130330,766,432
130340,3332,835
130350,992,629
130353,2528,1549
130356,1449,585
130360,631,301
130370,1086,805
130380,1926,580
130390,1215,648
130395,355,232
130400,437,297
130406,3005,961
130410,1549,1101
130420,3200,1072
130423,798,556
130426,945,107
130430,921,535
130440,548,423
140002,411,5
140005,760,344
140010,9575,3851
140015,544,338
140017,795,413
140020,1130,626
140023,474,268
140028,288,114
140030,443,296
140040,432,130
140045,532,209
140047,1230,400
140050,274,192
140060,332,174
140070,235,59
150010,5299,3795
150013,418,289
150020,2985,1351
150030,940,399
150034,729,396
150040,2394,1140
150050,2324,1710
150060,3421,1798
150070,1477,800
150080,14107,6469
150085,984,684
150090,1769,1297
150095,1229,994
150100,734,628
150110,1228,1170
150120,1920,1254
150125,363,120
150130,5706,3344
150140,17030,11598
150145,1179,323
150150,1940,373
150157,613,319
150160,413,188
150170,3699,2253
150172,794,342
150175,678,626
150178,1468,1363
150180,4225,3576
150190,1613,855
150195,1620,505
150200,993,637
150210,4098,3572
150215,1735,657
150220,1937,1069
150230,2449,413
150240,4395,2786
150250,574,276
150260,557,365
150270,1326,664
150275,1240,1134
150276,598,319
150277,1128,NA
150280,1268,1199
150285,1102,496
150290,1858,660
150293,1882,1133
150295,1137,634
150300,564,464
150304,901,605
150307,1482,852
150309,2414,1577
150310,2000,1285
150320,1157,764
150330,2452,2019
150340,371,257
150345,1937,946
150350,520,145
150360,3883,3016
150370,2263,1963
150375,1038,928
150380,1980,1312
150390,2336,1630
150400,776,490
150405,1522,543
150410,527,147
150420,9431,8838
150430,2163,708
150440,1474,817
150442,5581,267
150445,996,582
150450,1093,895
150460,1776,1008
150470,3495,2489
150480,2399,1673
150490,1229,913
150495,1352,0
150497,426,198
150500,587,342
150503,543,395
150506,3426,3267
150510,2231,1688
150520,1194,928
150530,2593,2187
150540,695,100
150543,1201,810
150548,1406,1309
150549,394,241
150550,3271,2296
150553,14303,8236
150555,393,254
150560,402,235
150563,650,315
150565,829,400
150570,1183,614
150580,3038,1391
150590,1930,736
150600,2070,1482
150610,431,223
150611,589,379
150613,2745,1589
150616,671,326
150618,1941,1406
150619,1409,1210
150620,1970,816
150630,1003,84
150635,742,39
150640,325,90
150650,1721,1091
150655,1447,561
150658,836,315
150660,794,428
150670,1913,1220
150680,10257,3663
150690,642,222
150700,1606,659
150710,603,505
150715,1191,1020
150720,935,698
150730,3006,2531
150740,730,302
150745,1205,977
150746,330,7
150747,958,818
150750,545,318
150760,2323,1385
150770,1163,771
150775,414,284
150780,638,442
150790,1040,506
150795,2461,595
150796,490,240
150797,899,442
150800,2599,774
150803,1302,390
150805,754,711
150808,1255,521
150810,5981,2915
150812,1193,478
150815,1978,926
150820,1424,1032
150830,3771,2351
150835,950,229
150840,1690,1375
160005,303,211
160010,317,265
160015,449,254
160020,465,280
160021,312,275
160023,390,285
160025,233,172
160027,1468,1212
160030,9172,6390
160040,524,470
160050,816,590
160053,643,491
160055,288,172
160060,2172,1273
160070,356,92
160080,758,451
170025,199,115
170030,270,229
170035,275,187
170040,431,171
170070,290,203
170100,449,301
170105,182,104
170110,195,144
170130,298,124
170190,339,193
170200,454,368
170210,4606,2233
170215,250,206
170220,893,803
170230,251,248
170240,328,212
170255,548,418
170270,206,148
170290,554,439
170300,430,356
170305,257,125
170307,288,136
170310,289,171
170320,253,204
170330,212,197
170360,228,174
170370,308,234
170380,389,308
170382,205,135
170384,462,238
170386,274,96
170388,213,157
170389,268,165
170390,161,141
170410,190,144
170460,114,51
170510,223,158
170550,1300,754
170555,237,140
170560,212,151
170600,220,115
170610,278,252
170625,171,104
170650,231,178
170700,661,505
170710,370,148
170720,227,133
170730,221,158
170740,424,346
170755,255,136
170765,295,185
170770,458,373
170820,810,654
170825,221,204
170830,157,135
170900,548,437
170930,828,561
170950,2592,1526
170980,193,104
171050,292,246
171070,272,253
171090,189,110
171110,168,125
171150,225,156
171180,154,118
171190,423,183
171195,202,142
171200,353,109
171215,139,79
171240,158,89
171245,216,100
171250,292,222
171270,227,128
171280,221,176
171320,1217,611
171330,591,357
171360,311,240
171370,182,99
171380,260,126
171395,244,178
171420,338,245
171430,209,150
171488,467,260
171500,184,110
171510,229,198
171515,137,51
171525,150,109
171550,169,116
171570,248,181
171575,329,254
171610,1504,957
171620,565,335
171630,214,183
171650,529,350
171660,750,569
171665,280,148
171670,285,157
171700,218,176
171720,253,239
171750,342,238
171780,209,88
171790,389,167
171800,183,153
171820,1994,720
171830,502,382
171840,238,162
171845,210,151
171850,227,147
171855,296,215
171865,286,147
171870,128,92
171875,248,172
171880,239,221
171884,218,178
171886,320,257
171888,233,130
171889,146,56
171890,291,147
171900,210,131
172000,176,117
172010,205,160
172015,136,74
172020,398,293
172025,203,146
172030,281,246
172049,274,211
172065,270,190
172080,492,354
172085,226,106
172090,525,445
172093,147,118
172097,270,187
172100,10027,6269
172110,274,101
172120,1100,818
172125,189,88
172130,216,136
172208,455,326
172210,543,413
210005,3109,2266
210010,390,238
210015,918,670
210020,857,678
210030,1091,695
210040,229,162
210043,1084,282
210047,1413,743
210050,493,362
210055,724,241
210060,1544,1066
210070,649,595
210080,989,614
210083,948,532
210087,510,210
210090,1058,784
210095,1669,774
210100,1501,935
210110,480,331
210120,2317,1224
210125,723,401
210130,961,730
210135,238,180
210140,3714,3094
210150,684,451
210160,3677,2281
210170,1960,1454
210173,411,300
210177,667,187
210180,203,196
210190,905,643
210193,430,358
210197,395,311
210200,1604,943
210203,1143,985
210207,260,160
210210,2018,1780
210215,462,0
210220,1040,807
210230,1174,406
210232,2856,1022
210235,602,438
210237,499,285
210240,410,152
210250,1102,554
210255,554,300
210260,1014,626
210270,905,505
210275,824,415
210280,981,872
210290,1386,915
210300,8724,3439
210310,461,408
210312,429,186
210315,425,45
210317,998,604
210320,2906,2004
210325,631,600
210330,5036,1829
210340,1246,884
210350,1769,1236
210355,932,802
210360,2163,588
210370,1370,930
210375,597,456
210380,661,494
210390,548,325
210400,1088,413
210405,1570,1170
210407,378,333
210408,472,272
210409,657,560
210410,495,434
210420,866,518
210430,528,401
210440,686,557
210450,459,261
210455,705,400
210460,688,468
210462,441,383
210465,1146,111
210467,1583,686
210470,228,170
210480,3229,2178
210490,682,453
210500,1166,755
210510,1222,629
210515,924,563
210520,520,432
210530,7774,0
210535,680,340
210540,2215,1303
210542,929,848
210545,417,363
210547,895,499
210550,1530,817
210560,774,682
210565,466,197
210570,2905,1266
210580,473,387
210590,1234,528
210592,499,381
210594,411,369
210596,539,257
210598,420,209
210600,584,237
210610,533,449
210620,394,246
210630,596,490
210632,912,653
210635,353,178
210637,590,566
210640,1460,1170
210650,1405,1168
210660,1809,1207
210663,533,134
210667,340,300
210670,702,605
210675,1063,651
210680,918,446
210690,990,939
210700,631,210
210710,642,464
210720,445,278
210725,264,248
210730,246,165
210735,590,566
210740,1106,1045
210745,660,467
210750,2020,665
210760,1087,389
210770,638,474
210780,2131,1376
210790,549,347
210800,713,665
210805,791,730
210810,1212,674
210820,1763,1310
210825,1606,723
210830,1080,894
210840,708,443
210845,1098,840
210850,1894,510
210860,3750,2732
210870,1427,1058
210880,887,419
210890,1084,980
210900,1479,569
210905,331,271
210910,1378,823
210920,968,393
210923,588,137
210927,1376,493
210930,554,367
210940,701,163
210945,1304,687
210950,905,652
210955,388,241
210960,1193,1019
210970,300,223
210975,311,161
210980,2404,1204
210990,2674,0
211000,3430,2596
211003,1331,921
211010,867,754
211020,1065,498
211023,668,560
211027,402,368
211030,905,770
211040,470,400
211050,1502,767
211060,970,561
211065,523,446
211070,1362,767
211080,293,267
211085,453,289
211090,807,485
211100,606,296
211102,1026,342
211105,922,583
211107,1253,350
211110,992,555
211120,3199,1881
211125,428,284
211130,18335,10260
211140,1078,857
211150,1347,1052
211153,736,409
211157,302,216
211160,819,684
211163,429,364
211167,471,446
211170,1029,519
211172,425,404
211174,576,225
211176,1137,953
211178,700,496
211180,1109,751
211190,419,327
211195,161,121
211200,674,427
211210,862,785
211220,3352,421
211223,937,514
211227,523,401
211230,3099,828
211240,1496,1242
211245,1065,240
211250,1193,760
211260,964,951
211270,1628,1114
211280,1540,1122
211285,476,304
211290,1231,1196
211300,1567,1200
211400,3001,1375
220005,267,241
220010,237,162
220020,529,237
220025,281,0
220027,267,132
220030,335,300
220040,1107,1000
220045,321,208
220050,673,548
220060,285,171
220070,175,0
220080,192,164
220090,359,190
220095,145,112
220100,206,125
220105,477,398
220110,403,381
220115,547,177
220117,214,0
220120,1881,1437
220130,254,0
220140,344,216
220150,959,821
220155,203,0
220157,172,116
220160,394,293
220170,234,0
220173,344,263
220177,355,330
220180,267,187
220190,721,502
220191,333,286
220192,163,0
220194,357,229
220196,271,0
220198,229,174
220200,709,14
220202,311,173
220205,425,225
220207,167,105
220208,340,268
220209,190,160
220210,329,218
220211,312,0
220213,270,250
220217,267,218
220220,1997,707
220225,222,139
220230,641,479
220240,480,346
220245,215,0
220250,336,0
220253,327,192
220255,335,200
220260,674,0
220265,353,0
220270,925,867
220271,244,216
220272,339,297
220273,229,149
220275,319,204
220277,345,241
220280,178,117
220285,217,0
220290,1045,645
220300,439,213
220310,447,359
220320,624,472
220323,262,0
220325,224,68
220327,222,150
220330,364,266
220335,308,0
220340,585,191
220342,295,0
220345,324,197
220350,660,0
220360,226,189
220370,1515,1089
220375,243,0
220380,261,225
220385,167,150
220390,1996,1637
220400,243,0
220410,192,0
220415,167,123
220420,358,230
220430,566,305
220435,246,181
220440,497,414
220450,580,451
220455,293,0
220460,201,159
220465,371,321
220470,545,437
220480,315,288
220490,318,223
220500,428,279
220510,614,385
220515,309,252
220520,602,391
220525,267,163
220527,317,206
220530,272,192
220535,229,140
220540,500,209
220545,359,155
220550,1774,782
220551,236,190
220552,339,266
220553,265,167
220554,151,69
220555,520,300
220556,233,196
220557,381,353
220558,248,167
220559,259,179
220560,304,222
220570,1493,734
220580,1588,0
220585,372,0
220590,295,175
220595,317,193
220600,202,171
220605,249,149
220610,561,0
220620,1268,0
220630,113,0
220635,260,219
220640,410,260
220650,183,137
220660,551,408
220665,323,103
220667,332,210
220669,448,332
220670,320,0
220675,278,208
220680,807,192
220690,224,181
220695,211,126
220700,1385,644
220710,167,0
220720,254,121
220730,309,212
220735,158,0
220740,297,97
220750,526,357
220755,265,159
220760,444,314
220770,3629,2384
220775,209,132
220777,239,200
220779,146,0
220780,815,356
220785,206,0
220790,1298,1022
220793,149,113
220795,204,0
220800,3105,1699
220810,364,283
220820,798,0
220830,941,598
220840,2174,1498
220850,646,471
220855,173,94
220860,163,0
220865,386,221
220870,405,325
220880,507,450
220885,278,215
220887,256,178
220890,351,65
220900,146,0
220910,281,221
220915,202,178
220920,316,179
220930,257,0
220935,242,157
220937,165,116
220940,235,96
220945,94,0
220950,180,171
220955,216,0
220960,205,90
220965,350,224
220970,326,244
220975,216,0
220980,275,152
220985,337,189
220987,300,237
220990,266,185
220995,268,230
220997,371,271
221000,480,0
221005,319,241
221010,243,181
221020,276,231
221030,320,225
221035,265,0
221037,192,141
221038,163,0
221039,154,107
221040,702,466
221050,604,521
221060,961,0
221062,280,153
221063,246,150
221065,484,364
221070,485,437
221080,429,0
221090,235,181
221093,225,156
221095,158,121
221097,170,131
221100,10489,6005
221110,1586,986
221120,966,564
221130,776,647
221135,200,157
221140,177,144
221150,180,129
221160,188,112
221170,209,127
220672,508,156
230010,680,0
230015,632,500
230020,2370,1547
230030,1922,1323
230040,1484,380
230050,1059,539
230060,632,377
230070,825,341
230075,2132,1429
230080,526,401
230090,756,358
230100,2973,1963
230110,2394,1007
230120,1627,217
230125,563,477
230130,1270,861
230140,1139,733
230150,813,159
230160,965,811
230170,850,633
230180,664,301
230185,1063,548
230190,3959,0
230195,914,638
230200,1243,750
230205,969,759
230210,1493,0
230220,1645,954
230230,1562,1056
230240,2137,1543
230250,2467,0
230260,3289,1546
230270,1178,647
230280,3489,2215
230290,1255,612
230300,993,678
230310,1355,545
230320,1736,848
230330,1071,0
230340,871,0
230350,2920,1421
230360,782,363
230365,651,581
230370,8209,4103
230380,1450,690
230390,598,490
230393,979,519
230395,880,631
230400,1268,828
230410,2175,0
230420,4539,2416
230423,679,0
230425,1316,637
230426,633,452
230427,636,547
230428,3178,1208
230430,1048,765
230435,1119,815
230440,31029,22231
230445,921,349
230450,742,496
230460,524,299
230465,837,712
230470,2192,1256
230480,810,199
230490,451,0
230495,1295,790
230500,2057,1547
230510,447,371
230520,1061,906
230523,2190,1540
230526,949,510
230530,960,602
230533,1184,539
230535,726,481
230540,3060,1671
230550,3882,1309
230560,1175,1033
230565,667,437
230570,729,0
230580,2084,1343
230590,1978,1442
230600,712,638
230610,1135,843
230620,417,222
230625,1628,712
230630,1753,1020
230640,5333,3026
230650,1004,545
230655,2006,1510
230660,744,612
230670,1089,735
230680,664,393
230690,1346,1237
230700,1506,1199
230710,2140,831
230720,540,401
230725,891,734
230730,8580,5820
230740,957,534
230750,1424,918
230760,1791,952
230763,1069,852
230765,8035,4566
230770,4399,3087
230780,1366,1041
230790,1076,697
230800,1381,816
230810,2422,1287
230820,828,381
230830,1209,963
230835,575,405
230837,1420,588
230840,1910,0
230850,1893,1288
230860,1181,857
230870,2871,1690
230880,577,401
230890,1143,664
230900,1085,630
230910,693,465
230920,1017,530
230930,1576,1119
230940,936,697
230945,1210,746
230950,824,743
230960,3168,1512
230970,2626,1578
230980,555,389
230990,715,371
231000,667,418
231010,682,353
231020,2099,1258
231025,1504,985
231030,2999,253
231040,845,670
231050,2479,1345
231060,744,626
231070,1458,847
231080,795,769
231085,910,754
231090,650,401
231095,452,325
231100,687,567
231110,2142,1223
231120,786,518
231123,385,243
231126,1231,924
231130,2805,1705
231135,956,635
231140,2483,1298
231150,843,566
231160,1125,829
231170,943,712
231180,3131,1489
231190,893,188
231195,1607,686
231200,1568,1292
231210,1325,651
231220,2174,1429
231230,1578,1212
231240,3075,1851
231250,478,0
231260,565,370
231270,1117,506
231280,781,267
231290,5775,2048
231300,993,795
231310,850,625
231320,1327,1081
231325,836,0
231330,2835,1650
231335,1140,840
231340,2011,0
231350,2020,1431
231355,1169,475
231360,1120,0
231370,604,289
231375,854,407
231380,1099,716
231390,837,760
231395,1232,785
231400,1916,0
231410,1784,1602
240010,528,455
240020,1244,823
240030,476,358
240040,240,171
240050,623,422
240060,194,150
240070,735,510
240080,484,269
240090,361,231
240100,1140,963
240110,1643,1227
240120,862,629
240130,416,253
240140,446,272
240145,948,597
240150,323,253
240160,417,279
240165,262,202
240170,268,227
240180,662,324
240185,214,140
240190,241,190
240200,2653,1804
240210,567,444
240220,1348,820
240230,889,409
240240,453,349
240250,601,384
240260,2797,1283
240270,504,392
240280,323,215
240290,392,259
240300,409,387
240310,1343,1199
240320,346,243
240325,5997,3179
240330,236,200
240340,297,234
240350,413,226
240360,1163,511
240370,373,317
240375,236,167
240380,481,422
240390,222,144
240400,303,170
240410,155,126
240420,1575,545
240430,600,488
240440,431,304
240450,3082,841
240460,756,399
240470,625,405
240480,227,192
240485,486,160
240490,314,217
240500,368,345
240510,387,202
240520,327,199
240530,431,172
240540,294,219
240550,236,201
240560,695,373
240570,555,414
240580,1536,847
240590,158,70
240600,282,184
240610,919,503
240615,260,187
240620,352,271
240630,362,169
240640,277,213
240650,768,676
240660,486,201
240670,583,438
240680,279,238
240690,257,127
240700,561,366
240710,2341,1482
240720,1424,820
240725,167,93
240730,313,239
240740,350,238
240750,672,249
240760,399,191
240770,481,419
240780,1183,589
240790,267,186
240800,6084,4989
240810,14287,12667
240820,1184,314
240830,1417,912
240840,236,135
240850,301,241
240860,300,218
240870,288,243
240880,242,152
240890,911,581
240895,562,316
240910,737,253
240920,294,162
240930,564,329
240933,295,153
240940,1032,750
240950,380,320
240960,242,145
240970,335,285
240980,621,556
240990,1026,507
241000,282,206
241010,658,440
241020,372,305
241025,484,416
241030,557,272
241040,455,318
241050,233,155
241060,297,118
241070,211,165
241080,266,166
241090,356,259
241100,273,173
241105,387,183
241110,374,316
241120,1130,802
241140,616,529
241142,243,123
241150,1041,505
241160,317,142
241170,365,264
241180,250,160
241190,361,225
241200,3217,2177
241210,308,221
241220,1495,1068
241230,678,438
241240,252,190
241250,1077,770
241255,535,313
241260,538,289
241270,306,159
241280,376,233
241290,491,426
241300,328,259
241310,314,182
241320,276,215
241330,306,228
241335,470,424
241340,259,209
241350,469,179
241355,255,178
241360,404,227
241370,341,262
241380,256,157
241390,584,392
241400,630,378
241410,267,236
241415,518,301
241420,757,361
241430,274,161
241440,1166,924
241445,420,208
241450,529,320
241460,541,490
241470,310,188
241475,320,134
241480,543,366
241490,178,79
241500,327,86
250010,483,410
250020,418,192
250030,1707,962
250040,694,613
250050,513,405
250053,346,269
250057,346,248
250060,1088,623
250070,722,525
250073,254,237
250077,383,256
250080,784,0
250090,625,491
250100,1018,871
250110,869,755
250115,225,137
250120,319,271
250130,1382,641
250135,293,159
250140,493,203
250150,1144,803
250153,274,214
250157,483,378
250160,734,610
250170,346,226
250180,3969,1641
250190,922,362
250200,316,240
250205,255,204
250210,324,226
250215,384,267
250220,182,141
250230,317,243
250240,625,361
250250,901,585
250260,470,373
250270,313,244
250280,589,457
250290,359,275
250300,1546,1231
250310,257,159
250320,3193,1415
250330,414,304
250340,259,184
250350,742,450
250355,443,364
250360,458,375
250370,2850,1310
250375,262,210
250380,382,200
250390,270,241
250400,NA,8324
250403,413,295
250407,265,168
250410,252,219
250415,412,0
250420,249,193
250430,1096,872
250435,360,210
250440,939,442
250450,390,319
250460,1387,649
250470,285,208
250480,561,294
250485,128,72
250490,612,187
250500,481,380
250510,986,732
250520,355,267
250523,573,342
250527,352,299
250530,157,89
250535,284,239
250540,308,219
250550,257,196
250560,431,242
250570,294,223
250580,287,200
250590,326,254
250600,1304,896
250610,528,472
250620,215,160
250625,457,402
250630,1582,1167
250640,665,565
250650,265,186
250660,335,209
250670,491,437
250680,1033,449
250690,1136,760
250700,868,619
250710,1079,692
250720,518,205
250730,800,542
250740,488,368
250750,21289,8815
250760,383,335
250770,766,552
250780,335,0
250790,627,314
250800,436,384
250810,324,235
250820,363,72
250830,1027,889
250840,300,185
250850,514,341
250855,240,212
250860,485,404
250870,237,202
250880,284,249
250890,1588,1205
250900,416,290
250905,635,322
250910,888,737
250915,255,128
250920,565,496
250930,516,0
250933,276,102
250937,193,152
250939,322,145
250940,504,370
250950,237,129
250960,346,164
250970,1250,832
250980,531,390
250990,625,447
251000,447,349
251010,443,0
251020,509,297
251030,290,258
251040,423,342
251050,294,145
251060,295,145
251065,230,158
251070,291,209
251080,3474,1592
251090,457,370
251100,254,177
251110,521,430
251120,1667,841
251130,736,485
251140,774,672
251150,659,464
251160,433,284
251170,250,153
251180,460,386
251190,733,527
251200,848,577
251203,283,206
251207,349,264
251210,1176,861
251220,308,178
251230,937,681
251240,552,466
251250,1503,981
251260,239,179
251270,874,627
251272,367,300
251274,324,180
251275,402,301
251276,277,224
251278,263,150
251280,572,446
251290,1086,827
251300,237,172
251310,702,545
251315,396,216
251320,362,216
251330,326,235
251335,307,230
251340,786,453
251350,460,187
251360,395,282
251365,286,170
251370,3707,2716
251380,290,227
251385,306,104
251390,998,862
251392,292,151
251394,169,94
251396,141,92
251398,202,154
251400,324,233
251410,258,173
251420,381,292
251430,315,205
251440,286,233
251445,456,226
251450,1063,596
251455,219,143
251460,179,101
251465,221,165
251470,286,213
251480,263,181
251490,518,301
251500,405,211
251510,568,405
251520,209,141
251530,1559,1039
251540,479,358
251550,574,409
251560,296,237
251570,217,167
251580,458,325
251590,347,247
251593,342,248
251597,387,288
251600,1106,675
251610,709,618
251615,317,0
251620,2258,1169
251630,693,417
251640,24,4
251650,698,507
251660,659,537
251670,606,516
251675,308,241
251680,383,331
251690,708,429
251700,611,412
251710,277,215
251720,309,213
251740,156,101
260005,2121,689
260010,1115,762
260020,1228,442
260030,1203,574
260040,1435,783
260050,1362,852
260060,718,386
260070,1882,1144
260080,653,349
260090,1143,779
260100,335,256
260105,1085,445
260110,1778,1585
260120,1528,1137
260130,606,422
260140,1796,1205
260150,616,177
260160,1149,824
260170,2863,1438
260180,660,328
260190,1882,1071
260200,1670,1238
260210,1308,1038
260220,1445,982
260230,1661,949
260240,733,350
260250,442,194
260260,1686,612
260270,434,330
260280,1707,1103
260290,6792,3844
260300,1719,807
260310,709,523
260320,1135,496
260330,466,428
260340,450,249
260345,3102,1870
260350,713,586
260360,562,297
260370,760,542
260380,922,645
260390,783,370
260392,660,367
260400,2292,1708
260410,8216,2844
260415,772,523
260420,1760,959
260430,736,399
260440,644,229
260450,897,692
260460,981,539
260470,929,541
260480,859,548
260490,798,508
260500,1417,604
260510,1615,867
260515,905,500
260520,2644,1317
260530,1543,1056
260540,844,593
260545,607,0
260550,515,341
260560,1028,503
260570,1907,580
260580,418,264
260590,1020,530
260600,2172,1526
260610,800,640
260620,2902,2041
260630,470,252
260640,2717,1457
260650,920,437
260660,1246,361
260670,525,224
260680,4068,1154
260690,572,333
260700,882,480
260710,529,204
260720,4762,2355
260730,1037,901
260740,743,259
260750,1123,516
260760,1045,395
260765,1243,465
260770,614,341
260775,1479,632
260780,828,244
260790,11127,6062
260795,570,272
260800,930,468
260805,626,423
260810,1475,659
260820,915,409
260825,382,272
260830,820,453
260840,471,358
260845,769,450
260850,984,695
260860,555,435
260870,691,220
260875,1171,495
260880,1132,985
260890,1874,1285
260900,717,563
260910,663,418
260915,1102,656
260920,698,258
260930,824,493
260940,1933,1034
260950,1196,805
260960,8183,4276
260970,905,699
260980,694,317
260990,3231,1155
261000,1254,580
261010,588,304
261020,1592,590
261030,909,850
261040,876,505
261050,1542,1034
261060,1267,693
261070,4407,3513
261080,951,661
261090,2419,1050
261100,1995,965
261110,6022,4056
261120,1031,756
261130,822,491
261140,773,352
261150,1198,783
261153,414,207
261160,33385,19547
261170,843,450
261180,2230,890
261190,1136,656
261200,650,344
261210,342,176
261220,1566,1096
261230,1132,1132
261240,1031,812
261245,893,504
261247,482,408
261250,2677,1345
261255,554,277
261260,2115,1378
261270,582,373
261280,540,361
261290,712,499
261300,1798,1246
261310,1332,770
261320,1083,411
261330,914,475
261340,772,494
261350,1529,1112
261360,1307,593
261370,2939,1057
261380,862,409
261390,2531,1740
261400,1175,527
261410,1187,897
261420,1255,898
261430,767,561
261440,521,325
261450,1619,1125
261460,928,430
261470,552,459
261480,1038,610
261485,998,153
261500,1136,520
261510,499,155
261520,452,389
261530,2209,1151
261540,1356,457
261550,608,403
261560,1114,917
261570,399,355
261580,1128,682
261590,449,278
261600,810,522
261610,565,365
261618,526,344
261620,528,316
261630,1528,976
261640,3438,1573
261650,1077,503
270010,1072,611
270020,1056,0
270030,4856,4644
270040,2027,1334
270050,910,660
270060,602,169
270070,966,703
270080,546,415
270090,386,270
270100,1395,999
270110,735,553
270120,574,368
270130,969,943
270135,597,324
270140,1449,1277
270150,556,519
270160,986,531
270170,874,798
270180,501,464
270190,438,285
270200,574,497
270210,1041,626
270220,309,161
270230,2761,1498
270235,1276,745
270240,2766,1125
270250,774,526
270255,579,507
270260,1006,676
270270,397,235
270280,823,789
270290,1906,1095
270300,749,542
270310,986,879
270320,1100,760
270330,975,NA
270340,429,254
270350,499,428
270360,510,280
270370,358,310
270375,742,468
270380,1468,463
270390,395,319
270400,1682,946
270410,1229,714
270420,1125,949
270430,13641,11473
270440,1075,976
270450,1419,899
270460,417,357
270470,2287,1869
270480,647,601
270490,299,280
270500,660,625
270510,1478,950
270520,890,797
270530,664,525
270540,540,386
270550,1373,812
270560,708,583
270570,891,747
270580,710,456
270590,330,249
270600,591,520
270610,461,351
270620,410,304
270630,2655,1867
270640,946,785
270642,503,342
270644,650,153
270650,1056,821
270660,392,359
270670,2292,1741
270680,940,625
270690,2282,1769
270700,389,229
270710,1376,944
270720,773,398
270730,1376,568
270740,475,424
270750,879,720
270760,687,632
270770,2256,6
270780,410,180
270790,516,361
270800,1887,1048
270810,681,540
270820,422,269
270830,1305,693
270840,1551,1270
270850,2257,1283
270860,2572,1485
270870,417,398
270880,1699,1307
270890,956,587
270895,617,586
270900,355,280
270910,950,763
270915,2121,962
270920,2075,782
270930,2492,1812
270940,1396,959
280010,227,170
280020,1043,798
280030,10018,8216
280040,750,392
280050,660,587
280060,891,442
280067,869,467
280070,459,131
280100,662,535
280110,259,193
280120,2314,1390
280130,1842,850
280140,1173,1004
280150,1074,751
280160,296,199
280170,731,483
280190,282,195
280200,463,365
280210,2145,1268
280220,343,260
280230,1311,478
280240,582,419
280250,316,226
280260,344,261
280270,464,356
280280,759,545
280290,2567,1782
280300,1284,1011
280310,324,309
280320,1299,898
280330,962,794
280340,558,333
280350,2302,1562
280360,1776,1379
280370,326,179
280380,360,316
280390,595,430
280400,917,625
280410,426,121
280420,523,432
280430,458,317
280440,798,636
280445,414,289
280450,1094,939
280460,950,613
280470,281,264
280480,3342,2133
280490,513,315
280500,190,120
280510,455,268
280520,353,167
280530,368,240
280540,910,833
280550,871,596
280560,1492,1177
280570,1160,683
280580,931,630
280590,443,265
280600,798,627
280610,578,417
280620,997,706
280630,803,575
280640,309,278
280650,365,310
280660,475,338
280670,1810,1320
280680,511,406
280690,294,195
280700,288,232
280710,1143,736
280720,482,336
280730,284,173
280740,1297,1187
280750,679,485
280760,717,613
290010,586,264
290020,727,511
290030,678,443
290035,733,448
290040,668,623
290050,756,226
290060,368,264
290070,2545,1868
290080,976,715
290090,414,273
290100,1635,519
290110,988,676
290115,763,495
290120,511,0
290130,862,596
290135,624,521
290140,917,769
290150,406,0
290160,520,369
290170,565,395
290180,481,453
290190,909,735
290195,417,397
290200,1915,310
290205,894,200
290210,2290,1823
290220,574,197
290225,800,271
290230,406,263
290240,818,476
290250,578,415
290260,665,604
290265,613,494
290270,1543,1432
290280,848,648
290290,958,623
290300,476,319
290310,481,260
290320,4841,2803
290323,740,716
290327,630,480
290330,551,387
290340,1407,690
290350,667,480
290360,771,631
290370,760,680
290380,829,718
290390,2252,1891
290395,472,348
290400,550,395
290405,1011,503
290410,1068,803
290420,825,282
290430,982,501
290440,511,469
290450,523,312
290460,2161,1032
290470,981,622
290475,1174,834
290480,579,208
290485,1036,489
290490,986,545
290500,811,596
290510,607,498
290515,535,180
290520,2126,1108
290530,714,518
290540,949,471
290550,868,530
290560,1114,880
290570,6526,5264
290580,1597,776
290590,1082,628
290600,1980,1705
290610,737,619
290620,985,957
290630,1544,869
290640,366,229
290650,6143,2890
290660,320,230
290670,1249,766
290680,2127,1147
290682,539,0
290685,572,480
290687,1156,1109
290689,614,126
290690,1311,968
290700,599,251
290710,1064,914
290720,3262,1987
290730,1437,656
290740,267,220
290750,1399,1038
290755,569,209
290760,883,764
290770,550,332
290780,1443,677
290790,682,418
290800,1050,844
290810,1077,990
290820,802,486
290830,878,317
290840,2241,1526
290850,844,628
290860,1256,1000
290870,1130,773
290880,315,239
290890,1125,834
290900,521,354
290910,759,636
290920,1100,705
290930,1845,1706
290940,808,629
290950,348,253
290960,983,848
290970,649,459
290980,2106,1527
290990,1676,947
291000,763,595
291005,2228,1074
291010,502,291
291020,270,102
291030,460,265
291040,1025,839
291050,2008,1176
291060,1644,1409
291070,1741,1355
291072,3999,2254
291075,900,615
291077,326,245
291080,7116,4449
291085,636,572
291090,342,281
291100,607,349
291110,1317,979
291120,1074,749
291125,408,332
291130,670,338
291140,622,440
291150,555,350
291160,918,533
291165,606,452
291170,1714,1100
291180,1271,872
291185,687,388
291190,1133,279
291200,468,390
291210,1160,623
291220,667,393
291230,1049,812
291240,712,529
291250,743,445
291260,278,131
291270,783,615
291280,431,322
291290,1018,801
291300,514,407
291310,883,654
291320,1054,945
291330,344,320
291340,772,485
291345,608,412
291350,1031,930
291360,5126,0
291370,2182,1233
291380,913,107
291390,1554,897
291400,1940,1291
291410,510,305
291420,530,155
291430,772,430
291440,675,331
291450,1303,609
291460,2247,1188
291465,1581,1038
291470,2417,1394
291480,6116,169
291490,1213,550
291500,930,345
291510,620,540
291520,893,592
291530,447,322
291535,790,329
291540,531,316
291550,858,755
291560,2587,1438
291570,596,478
291580,1106,0
291590,425,0
291600,614,600
291610,1115,576
291620,641,438
291630,1073,787
291640,2488,17
291650,1170,993
291660,598,533
291670,473,273
291680,839,698
291685,1012,356
291690,621,505
291700,1537,1210
291710,1092,631
291720,1009,650
291730,862,740
291733,572,425
291735,445,389
291740,704,499
291750,2301,1644
291760,1818,1343
291770,1304,998
291780,821,346
291790,635,493
291800,3244,2301
291810,1647,1309
291820,592,333
291830,712,456
291835,1076,700
291840,7832,3439
291845,689,315
291850,561,355
291855,542,399
291860,554,180
291870,316,232
291875,620,472
291880,1032,589
291890,474,228
291900,222,156
291905,525,428
291910,461,392
291915,1009,643
291920,7451,1812
291930,548,364
291940,673,368
291950,1451,849
291955,1837,1247
291960,644,282
291970,939,903
291980,1990,1028
291990,712,403
291992,1516,846
291995,370,226
292000,537,391
292010,791,456
292020,1068,496
292030,459,299
292040,672,485
292045,489,459
292050,898,750
292060,1663,1136
292070,900,691
292080,592,462
292090,1092,609
292100,2332,841
292105,542,496
292110,953,611
292120,924,0
292130,534,316
292140,973,682
292145,407,243
292150,2811,1928
292160,381,105
292170,1560,1005
292180,606,235
292190,702,572
292200,2247,1980
292205,745,501
292210,822,583
292220,367,128
292225,631,289
292230,1499,879
292240,784,596
292250,880,816
292260,1147,485
292265,621,0
292270,867,554
292273,456,337
292275,414,269
292280,361,280
292285,361,0
292290,1039,858
292300,1586,1161
292303,604,371
292305,795,544
292310,867,708
292320,895,686
292330,440,291
292335,979,617
292340,978,701
292350,356,284
292360,965,314
292370,1578,1030
292380,867,659
292390,634,591
292400,4259,1267
292405,825,530
292410,317,136
292420,1030,947
292430,930,553
292440,1888,1090
292450,596,318
292460,1155,809
292465,505,420
292467,634,482
292470,880,440
292480,798,501
292490,506,280
292500,973,928
292510,1217,1075
292520,1626,981
292525,977,777
292530,5718,3604
292540,462,439
292550,1359,947
292560,796,776
292570,584,318
292575,729,628
292580,1171,960
292590,662,611
292593,625,550
292595,1057,880
292600,1980,982
292610,779,607
292620,1059,879
292630,1098,765
292640,1060,780
292650,861,563
292660,2204,1411
292665,603,538
292670,438,360
292680,665,8
292690,529,421
292700,1879,1216
292710,621,369
292720,1366,490
292730,821,346
292740,19099,15616
292750,785,562
292760,922,624
292770,1401,760
292780,589,376
292790,457,337
292800,1137,0
292805,608,573
292810,1673,1175
292820,969,891
292830,360,331
292840,1215,853
292850,637,197
292860,2338,651
292870,2134,1777
292880,1682,1125
292890,1541,968
292895,606,300
292900,744,478
292905,764,473
292910,890,558
292920,8940,1463
292925,1052,569
292930,1018,710
292935,925,364
292937,625,486
292940,595,340
292950,1796,1619
292960,1184,548
292970,929,702
292975,855,228
292980,816,0
292990,1080,818
293000,644,378
293010,2391,1906
293015,1615,1500
293020,1808,1043
293030,1013,990
293040,851,492
293050,3135,2029
293060,697,620
293070,5145,2276
293075,663,525
293076,737,527
293077,1400,580
293080,651,505
293090,626,497
293100,1072,350
293105,719,492
293110,372,178
293120,1204,443
293130,811,533
293135,3923,3457
293140,332,210
293150,1167,732
293160,697,642
293170,600,449
293180,860,390
293190,2326,2151
293200,1021,857
293210,896,536
293220,1221,780
293230,938,853
293240,732,601
293245,1107,539
293250,1058,786
293260,711,391
293270,812,351
293280,872,763
293290,2078,0
293300,1386,353
293305,588,462
293310,411,65
293315,582,497
293317,491,270
293320,2818,1872
293325,409,362
293330,8840,5172
293340,414,317
293345,635,477
293350,1131,947
293360,2208,1097
310010,336,261
310020,900,659
310030,584,523
310040,204,0
310050,384,221
310060,476,247
310070,166,0
310080,293,243
310090,636,349
310100,466,321
310110,1057,767
310120,348,214
310130,225,159
310140,231,229
310150,1221,846
310160,2416,1158
310163,249,187
310170,1391,678
310180,542,245
310190,539,415
310200,557,286
310205,301,235
310210,402,372
310220,296,21
310230,522,366
310240,328,55
310250,257,132
310260,1043,706
310270,347,302
310280,467,455
310285,364,237
310290,464,340
310300,687,432
310310,116,76
310320,256,147
310330,214,163
310340,892,307
310350,2834,185
310360,281,218
310370,301,218
310375,720,573
310380,258,176
310390,362,343
310400,4244,1322
310410,413,344
310420,1114,911
310430,438,369
310440,242,198
310445,262,175
310450,683,409
310460,496,172
310470,405,324
310480,288,139
310490,849,820
310500,374,353
310510,838,320
310520,407,195
310530,206,146
310540,1273,884
310550,260,216
310560,1995,1156
310570,338,204
310590,782,447
310600,373,1
310610,252,143
310620,39065,28222
310630,1456,856
310640,474,296
310650,434,244
310660,277,127
310665,332,170
310670,14049,11695
310680,228,200
310690,726,270
310700,224,127
310710,1445,913
310720,263,84
310730,1858,983
310740,1328,869
310750,392,373
310760,306,258
310770,266,168
310780,536,312
310790,354,246
310800,539,386
310810,289,166
310820,325,303
310825,405,236
310830,492,352
310840,626,494
310850,304,143
310855,464,430
310860,1369,1298
310870,272,248
310880,307,195
310890,521,331
310900,2369,995
310910,370,336
310920,547,502
310925,245,169
310930,1237,657
310940,1225,655
310945,394,297
310950,392,264
310960,264,120
310970,387,116
310980,585,440
310990,403,237
311000,1139,20
311010,351,256
311020,249,175
311030,362,255
311040,211,191
311050,929,897
311060,904,640
311070,510,277
311080,312,236
311090,626,426
311100,637,279
311110,642,2
311115,180,NA
311120,1252,547
311130,487,413
311140,420,289
311150,734,680
311160,1032,819
311170,225,167
311180,657,301
311190,262,245
311200,589,432
311205,406,310
311210,272,208
311220,238,204
311230,1276,1253
311240,318,295
311250,371,216
311260,712,535
311265,308,183
311270,807,432
311280,431,6
311290,453,428
311300,849,404
311310,219,153
311320,849,520
311330,1147,565
311340,2549,1342
311350,413,148
311360,250,194
311370,738,469
311380,233,197
311390,475,428
311400,315,244
311410,465,322
311420,681,348
311430,976,867
311440,682,474
311450,601,240
311455,529,0
311460,277,196
311470,227,177
311480,243,233
311490,235,185
311500,276,116
311510,476,0
311520,248,207
311530,2498,0
311535,923,435
311540,219,56
311545,327,232
311547,307,237
311550,727,690
311560,198,97
311570,292,137
311580,607,431
311590,172,112
311600,280,270
311610,616,325
311615,423,304
311620,234,0
311630,295,139
311640,234,165
311650,318,234
311660,731,707
311670,302,175
311680,310,235
311690,212,122
311700,335,205
311710,425,279
311720,176,157
311730,1034,783
311740,229,0
311750,540,329
311760,296,205
311770,514,430
311780,293,143
311783,391,174
311787,445,214
311790,386,356
311800,3580,3000
311810,277,185
311820,408,252
311830,3033,1891
311840,749,466
311850,113,91
311860,9091,6665
311870,357,224
311880,1040,296
311890,280,192
311900,233,206
311910,826,408
311920,606,355
311930,866,622
311940,2591,1625
311950,593,518
311960,183,71
311970,140,119
311980,251,166
311990,155,0
311995,306,241
312000,243,210
312010,187,173
312015,346,208
312020,425,372
312030,222,160
312040,337,245
312050,488,384
312060,297,153
312070,363,251
312080,654,439
312083,291,167
312087,311,205
312090,1976,1050
312100,323,209
312110,258,228
312120,448,0
312125,481,300
312130,303,231
312140,254,218
312150,249,182
312160,1648,1103
312170,269,0
312180,310,176
312190,241,122
312200,438,242
312210,345,224
312220,428,199
312230,5402,4133
312235,467,280
312240,274,228
312245,412,242
312247,202,112
312250,359,0
312260,267,190
312270,233,190
312280,198,134
312290,398,300
312300,340,170
312310,367,107
312320,552,541
312330,211,143
312340,120,95
312350,220,170
312352,432,249
312360,670,551
312370,566,307
312380,342,187
312385,249,173
312390,429,243
312400,645,329
312410,1489,672
312420,977,437
312430,1287,561
312440,228,209
312450,321,0
312460,242,172
312470,272,200
312480,376,165
312490,637,459
312500,209,117
312510,1309,515
312520,207,193
312530,208,150
312540,283,171
312550,316,284
312560,349,218
312570,637,372
312580,245,208
312590,401,272
312595,432,192
312600,308,211
312610,2154,1485
312620,376,228
312630,313,274
312640,224,99
312650,324,191
312660,372,221
312670,953,546
312675,381,166
312680,372,365
312690,399,130
312695,217,153
312700,814,556
312705,495,372
312707,405,250
312710,1714,1000
312720,285,149
312730,543,307
312733,464,139
312735,271,163
312737,202,133
312738,223,179
312740,165,140
312750,289,138
312760,453,260
312770,7781,4904
312780,791,372
312790,300,155
312800,1039,673
312810,685,470
312820,371,260
312825,320,234
312830,533,459
312840,409,233
312850,162,132
312860,386,284
312870,1124,839
312880,279,267
312890,303,287
312900,332,163
312910,273,191
312920,207,152
312930,370,126
312940,331,127
312950,905,403
312960,289,41
312965,460,430
312970,382,279
312980,4678,2876
312990,148,129
313000,229,187
313005,430,180
313010,1293,618
313020,382,248
313030,387,252
313040,350,231
313050,512,397
313055,349,196
313060,265,159
313065,468,267
313070,424,334
313080,224,148
313090,791,484
313100,354,200
313110,326,173
313115,641,216
313120,729,308
313130,5777,3799
313140,364,220
313150,397,268
313160,428,390
313170,2926,2032
313180,413,222
313190,2210,622
313200,328,122
313210,990,910
313220,354,204
313230,508,339
313240,1745,1340
313250,1173,880
313260,272,237
313270,979,662
313280,156,16
313290,451,259
313300,734,377
313310,650,583
313320,504,302
313330,768,718
313340,593,583
313350,557,0
313360,376,227
313370,409,238
313375,716,577
313380,2512,1385
313390,248,84
313400,558,491
313410,343,212
313420,2366,1522
313430,273,243
313440,1666,537
313450,260,218
313460,549,365
313470,579,235
313480,268,204
313490,988,480
313500,249,176
313505,913,720
313507,256,184
313510,2470,1115
313520,1885,1119
313530,234,110
313535,434,408
313540,370,173
313545,341,101
313550,428,298
313560,397,245
313570,284,161
313580,870,570
313590,363,268
313600,645,423
313610,302,208
313620,2353,19
313630,1764,1321
313640,288,210
313650,454,339
313652,230,209
313655,274,232
313657,298,229
313660,233,158
313665,1200,689
313670,9955,6109
313680,339,186
313690,310,263
313695,358,206
313700,657,458
313710,405,379
313720,1365,1
313730,315,175
313740,476,346
313750,852,361
313753,438,306
313760,2996,1251
313770,911,456
313780,645,389
313790,217,151
313800,303,252
313810,273,219
313820,2874,1954
313830,168,105
313835,327,158
313840,1249,1083
313850,237,167
313860,697,657
313862,475,378
313865,581,484
313867,320,292
313868,366,152
313870,283,198
313880,656,508
313890,346,210
313900,937,753
313910,310,222
313920,697,408
313925,401,124
313930,1096,919
313940,2160,1251
313950,934,605
313960,1004,592
313970,377,270
313980,524,446
313990,480,316
314000,3275,2171
314010,304,184
314015,443,381
314020,244,66
314030,315,230
314040,140,127
314050,615,271
314053,329,295
314055,326,208
314060,246,145
314070,1057,680
314080,639,0
314085,609,572
314090,739,721
314100,560,285
314110,1344,970
314120,252,237
314130,269,133
314140,827,695
314150,490,380
314160,491,208
314170,392,374
314180,1017,402
314190,196,123
314200,711,420
314210,539,286
314220,577,359
314225,329,157
314230,142,81
314240,328,202
314250,230,193
314260,236,206
314270,859,635
314280,934,624
314290,1104,605
314300,348,309
314310,1262,1201
314315,280,160
314320,874,286
314330,10460,5461
314340,812,615
314345,371,214
314350,795,487
314360,310,157
314370,277,178
314380,276,153
314390,2218,1494
314400,825,507
314410,711,367
314420,261,102
314430,1276,858
314435,426,295
314437,281,224
314440,275,206
314450,383,349
314460,772,609
314465,539,193
314467,262,117
314470,595,472
314480,4545,71
314490,277,226
314500,777,519
314505,361,168
314510,469,328
314520,2879,1448
314530,879,843
314535,439,229
314537,303,165
314540,274,220
314545,337,219
314550,167,162
314560,1360,721
314570,194,142
314580,178,106
314585,295,254
314587,357,221
314590,1674,1265
314600,860,666
314610,2889,2120
314620,439,283
314625,339,145
314630,690,369
314640,292,160
314650,440,302
314655,401,213
314660,175,120
314670,275,201
314675,276,165
314690,546,423
314700,2413,2020
314710,2700,1184
314720,620,368
314730,587,0
314740,752,529
314750,154,154
314760,472,364
314770,375,233
314780,190,123
314790,2271,1419
314795,430,173
314800,3720,2038
314810,2356,1325
314820,NA,NA
314830,378,267
314840,261,167
314850,275,214
314860,653,495
314870,857,680
314875,481,229
314880,230,159
314890,266,167
314900,202,70
314910,400,233
314915,423,153
314920,281,260
314930,2234,1304
314940,189,115
314950,332,218
314960,262,130
314970,355,233
314980,883,384
314990,620,584
314995,572,175
315000,282,192
315010,196,187
315015,239,195
315020,269,178
315030,207,180
315040,217,115
315050,420,340
315053,363,299
315057,383,266
315060,286,275
315070,257,135
315080,598,311
315090,180,138
315100,293,179
315110,564,459
315120,2128,1387
315130,428,210
315140,648,400
315150,1214,747
315160,615,375
315170,462,305
315180,5292,2
315190,204,138
315200,1285,1044
315210,2183,1391
315213,331,315
315217,591,182
315220,640,570
315230,262,225
315240,701,664
315250,4107,3986
315260,252,188
315270,308,185
315280,597,524
315290,281,150
315300,209,158
315310,320,272
315320,225,85
315330,319,188
315340,711,668
315350,328,184
315360,459,262
315370,326,192
315380,172,82
315390,627,316
315400,638,423
315410,454,287
315415,315,279
315420,390,382
315430,721,582
315440,348,248
315445,331,172
315450,554,271
315460,4998,3714
315470,276,227
315480,727,325
315490,704,537
315500,226,151
315510,317,237
315520,226,159
315530,279,152
315540,410,388
315550,627,471
315560,1069,849
315570,630,566
315580,427,232
315590,372,185
315600,576,377
315610,204,162
315620,125,102
315630,302,129
315640,256,134
315645,354,335
315650,411,285
315660,394,335
315670,3627,3159
315680,481,324
315690,957,5
315700,1527,989
315710,508,97
315720,1254,1139
315725,378,230
315727,302,127
315730,263,251
315733,224,140
315737,345,169
315740,239,150
315750,307,194
315760,380,79
315765,324,191
315770,550,356
315780,4338,1202
315790,720,367
315800,376,252
315810,470,312
315820,579,309
315830,340,318
315840,184,108
315850,331,144
315860,237,185
315870,191,177
315880,229,215
315890,249,210
315895,761,616
315900,207,118
315910,328,227
315920,253,20
315930,352,0
315935,351,195
315940,174,118
315950,263,126
315960,1226,738
315970,319,302
315980,1230,724
315990,459,410
316000,228,223
316010,281,193
316020,245,217
316030,469,350
316040,953,555
316045,431,157
316050,167,154
316060,257,221
316070,1294,366
316080,226,163
316090,226,134
316095,341,271
316100,478,85
316105,233,163
316110,1864,1051
316120,214,159
316130,464,278
316140,300,249
316150,291,192
316160,269,176
316165,229,132
316170,387,349
316180,515,394
316190,1681,1427
316200,729,516
316210,898,347
316220,432,294
316225,225,79
316230,180,138
316240,1179,1115
316245,450,249
316250,3024,2563
316255,435,234
316257,285,167
316260,336,237
316265,272,199
316270,963,588
316280,554,277
316290,914,0
316292,555,429
316294,380,347
316295,956,433
316300,250,155
316310,330,217
316320,146,121
316330,274,178
316340,281,216
316350,359,183
316360,203,203
316370,1459,0
316380,284,169
316390,201,148
316400,309,218
316410,312,208
316420,418,316
316430,340,196
316440,221,169
316443,297,170
316447,389,202
316450,450,168
316460,451,263
316470,1714,1091
316480,232,149
316490,209,188
316500,317,23
316510,344,293
316520,383,125
316530,338,227
316540,280,228
316550,366,47
316553,1819,1318
316555,381,359
316556,194,90
316557,279,3
316560,214,209
316570,297,190
316580,193,149
316590,334,250
316600,244,108
316610,196,134
316620,282,182
316630,332,176
316640,160,128
316650,285,76
316660,204,94
316670,352,307
316680,433,326
316690,344,190
316695,291,126
316700,145,113
316710,605,374
316720,6184,2789
316730,181,148
316740,280,211
316750,197,126
316760,529,213
316770,292,246
316780,254,159
316790,NA,NA
316800,1135,735
316805,240,76
316810,593,264
316820,220,127
316830,296,187
316840,455,358
316850,591,373
316860,3223,1912
316870,2214,1524
316880,392,367
316890,359,280
316900,498,331
316905,201,146
316910,276,149
316920,386,223
316930,2202,1337
316935,1533,938
316940,1706,1235
316950,309,302
316960,1580,1192
316970,956,793
316980,244,190
316990,1596,1135
317000,630,NA
317005,479,307
317010,8416,4938
317020,13767,9978
317030,214,139
317040,2594,1889
317043,216,0
317047,281,179
317050,351,247
317052,635,329
317057,311,267
317060,221,136
317065,326,276
317070,2325,2219
317075,243,224
317080,1696,801
317090,878,791
317100,916,869
317103,537,9
317107,289,87
317110,212,0
317115,266,223
317120,3750,1107
317130,2000,1248
317140,350,174
317150,407,311
317160,530,499
317170,376,283
317180,282,196
317190,307,175
317200,1260,840
317210,342,126
317220,122,103
320010,1519,930
320013,640,261
320016,553,362
320020,1137,821
320030,695,272
320035,646,0
320040,3308,1550
320050,541,0
320060,4861,2419
320070,699,510
320080,1569,1158
320090,1457,779
320100,733,267
320110,675,371
320115,591,386
320120,6460,3207
320130,6659,2283
320140,1835,912
320150,3458,600
320160,1850,861
320170,676,317
320180,365,174
320190,1429,820
320200,288,157
320210,1377,615
320220,944,271
320225,499,360
320230,1211,797
320240,3479,2577
320245,923,622
320250,554,266
320255,524,281
320260,617,367
320265,511,393
320270,715,281
320280,2050,1116
320290,482,48
320300,816,645
320305,1372,560
320310,471,319
320313,350,232
320316,583,283
320320,8236,5248
320330,636,292
320332,1732,1291
320334,941,501
320335,550,101
320340,1088,652
320350,1179,275
320360,558,380
320370,789,616
320380,612,4
320390,2199,1018
320400,878,572
320405,985,574
320410,1231,11
320420,833,645
320425,489,364
320430,1178,644
320435,867,520
320440,611,374
320450,557,460
320455,1496,948
320460,1163,597
320465,479,185
320470,1042,652
320480,600,386
320490,4469,2898
320495,497,250
320500,10844,6153
320501,1114,558
320503,1000,578
320506,911,0
320510,2248,1198
320515,627,504
320517,614,415
320520,8577,4318
320530,15495,10264
330010,5410,4465
330015,722,571
330020,7717,3042
330022,833,718
330023,3149,1003
330025,3366,902
330030,2801,2400
330040,4324,3413
330045,8903,4642
330050,814,670
330060,1324,4
330070,10545,5231
330080,2926,1394
330090,840,732
330093,2377,900
330095,651,495
330100,13285,8393
330110,1181,942
330115,1009,822
330120,1072,782
330130,2663,1669
330140,1650,840
330150,756,675
330160,734,676
330170,14464,11268
330180,1242,10
330185,1799,448
330187,1861,843
330190,7352,3952
330200,8686,2844
330205,909,657
330210,1173,773
330220,2613,90
330225,2366,1636
330227,3300,1410
330230,834,535
330240,NA,NA
330245,423,0
330250,9375,2129
330260,4978,1972
330270,4532,2470
330280,1281,409
330285,2320,1989
330290,1449,1075
330300,1325,1045
330310,1063,781
330320,4604,2409
330330,3831,2230
330340,4319,164
330350,17684,7887
330360,1284,473
330370,2215,1100
330380,1622,1014
330385,1221,978
330390,4779,3793
330395,1433,1184
330400,2137,1676
330410,1093,938
330411,1372,866
330412,1049,688
330414,2987,1631
330415,2145,0
330420,4073,3163
330430,4560,2357
330440,827,802
330450,933,586
330452,6337,4875
330455,99753,90778
330460,984,891
330470,1899,1273
330475,3443,NA
330480,2290,1419
330490,0,0
330500,4875,2260
330510,8781,4257
330513,650,446
330515,865,749
330520,3979,1934
330530,818,624
330540,946,652
330550,4013,1849
330555,3003,974
330560,1744,1002
330570,802,708
330575,1320,95
330580,4288,3749
330590,1235,784
330600,2457,1614
330610,3426,2571
330615,815,662
330620,1613,1130
330630,5882,2601
350010,1129,0
350020,262,0
350030,806,0
350040,271,253
350050,760,0
350055,332,261
350060,399,246
350070,1563,1306
350075,362,247
350080,249,0
350090,215,0
350100,743,570
350110,236,0
350115,865,0
350120,312,0
350130,826,0
350140,211,161
350150,211,0
350160,5915,1715
350170,954,0
350180,304,211
350190,1982,0
350200,315,0
350210,1697,0
350220,845,2
350230,349,0
350240,217,168
350250,1415,1019
350260,224,165
350270,738,1
350275,656,482
350280,4119,3066
350290,1072,0
350300,302,1
350310,357,304
350315,314,0
350320,5481,0
350330,3439,2687
350335,186,160
350340,372,5
350350,309,0
350360,458,2
350370,488,448
350380,1311,1241
350390,1947,0
350395,183,155
350400,2701,1893
350410,2781,0
350420,449,430
350430,297,0
350440,424,10
350450,2773,2402
350460,589,459
350470,227,135
350480,287,6
350490,514,0
350500,214,200
350510,294,0
350520,1050,0
350530,948,2
350535,221,0
350540,343,0
350550,3395,2504
350560,1064,989
350570,12093,9571
350580,813,588
350590,1389,9
350600,5812,5638
350610,3126,1789
350620,241,0
350630,400,9
350635,1637,1499
350640,231,180
350650,3713,2767
350660,724,591
350670,776,1
350680,506,6
350690,472,0
350700,1773,1408
350710,666,614
350715,287,213
350720,119,0
350730,231,0
350740,665,540
350745,199,0
350750,2692,2107
350760,4373,26
350770,270,0
350775,190,0
350780,814,700
350790,829,0
350800,777,723
350810,649,579
350820,237,118
350830,209,199
350840,1209,1
350850,2398,0
350860,999,4
350870,640,0
350880,543,0
350890,221,0
350900,1802,812
350910,358,302
350920,2947,1972
350925,933,79
350930,595,480
350940,914,0
350945,256,213
350950,15946,14233
350960,2169,1642
350970,2163,0
350980,248,201
350990,673,496
350995,338,217
351000,862,724
351010,223,205
351015,318,0
351020,1355,7
351030,750,0
351040,1503,1285
351050,4026,2712
351060,7189,1676
351070,463,440
351080,838,0
351090,266,2
351100,865,4
351110,2871,2114
351120,285,250
351130,347,0
351140,745,529
351150,877,804
351160,543,0
351170,598,0
351190,303,0
351200,798,8
351210,503,2
351220,1010,909
351230,516,0
351240,1049,1
351250,265,0
351260,283,264
351270,316,0
351280,2080,29
351290,341,229
351300,5269,3479
351310,782,709
351320,356,9
351330,191,163
351340,2505,2001
351350,4525,4080
351360,566,20
351370,1231,0
351380,9133,6704
351385,150,138
351390,471,425
351400,264,4
351410,848,0
351420,198,170
351430,303,0
351440,1492,954
351450,440,0
351460,276,13
351470,318,243
351480,495,453
351490,691,0
351492,171,0
351495,214,186
351500,4423,3707
351510,2066,4
351512,228,0
351515,549,499
351518,1145,0
351519,284,0
351520,312,183
351530,301,265
351535,435,413
351540,508,460
351550,1661,1122
351560,290,260
351565,169,154
351570,3398,2652
351580,212,191
351590,159,153
351600,328,0
351610,267,239
351620,4638,95
351630,2604,1906
351640,3265,1857
351650,222,180
351660,262,0
351670,1400,806
351680,222,204
351685,256,213
351690,390,336
351700,282,0
351710,280,0
351720,345,298
351730,267,226
351740,1434,1222
351750,760,603
351760,649,1
351770,963,122
351780,386,0
351790,563,376
351800,199,53
351810,381,307
351820,843,20
351830,1267,3
351840,3054,49
351850,465,0
351860,1234,0
351870,6708,74
351880,21563,1084
351885,428,0
351890,244,0
351900,301,0
351905,650,488
351907,5052,4002
351910,419,0
351920,149,127
351925,292,0
351930,946,289
351940,432,334
351950,338,0
351960,1051,29
351970,1846,7
351980,322,0
351990,485,400
352000,604,521
352010,916,808
352020,610,7
352030,1025,0
352040,1693,859
352042,748,518
352044,1434,1097
352050,4571,4018
352060,279,0
352070,247,218
352080,232,0
352090,552,8
352100,1105,760
352110,351,0
352115,217,193
352120,355,0
352130,801,0
352140,613,0
352150,282,232
352160,335,235
352170,492,487
352180,892,785
352190,622,390
352200,253,0
352210,4155,2720
352215,189,0
352220,3060,74
352230,3365,2837
352240,4388,3328
352250,5004,3951
352260,2219,2014
352265,233,0
352270,1000,1
352280,620,565
352290,525,7
352300,342,293
352310,6008,3144
352320,1807,1340
352330,450,0
352340,3083,1
352350,628,451
352360,779,0
352370,346,4
352380,247,92
352390,4172,3073
352400,1574,1
352410,1118,907
352420,386,287
352430,2001,1428
352440,5082,3773
352450,181,0
352460,548,0
352470,2000,10
352480,1331,991
352490,331,5
352500,3034,2281
352510,1409,18
352520,906,0
352530,3357,2628
352540,256,240
352550,488,0
352560,197,146
352570,1248,2
352580,275,228
352585,200,156
352590,7462,6697
352600,685,545
352610,692,504
352620,926,0
352630,238,0
352640,956,9
352650,360,308
352660,371,0
352670,3047,2820
352680,2277,1971
352690,6035,4924
352700,363,229
352710,1575,1228
352720,2109,1410
352725,188,172
352730,1523,1384
352740,717,377
352750,152,0
352760,593,0
352770,215,0
352780,224,0
352790,258,223
352800,535,487
352810,236,190
352820,274,243
352830,182,140
352840,1726,2
352850,2337,1838
352860,240,0
352870,368,320
352880,545,2
352885,214,144
352890,235,0
352900,5466,5280
352910,182,146
352920,961,899
352930,1887,0
352940,5654,3439
352950,297,273
352960,255,206
352965,187,170
352970,1083,914
352980,488,397
352990,658,288
353000,264,208
353010,742,641
353020,729,564
353030,1427,1
353040,245,3
353050,1704,0
353060,4809,2804
353070,3797,51
353080,2638,0
353090,209,0
353100,217,208
353110,1789,0
353120,399,0
353130,1954,679
353140,797,0
353150,887,0
353160,277,215
353170,242,0
353180,1503,1125
353190,1217,1032
353200,477,0
353205,205,0
353210,303,274
353215,229,188
353220,402,379
353230,334,92
353240,775,0
353250,242,231
353260,281,2
353270,214,187
353280,261,0
353282,600,470
353284,173,141
353286,155,112
353290,434,305
353300,653,0
353310,212,183
353320,278,0
353325,230,132
353330,226,201
353340,1607,10
353350,1229,10
353360,409,7
353370,220,0
353380,201,159
353390,1561,1058
353400,285,245
353410,232,165
353420,377,173
353430,1383,1174
353440,20224,11251
353450,208,178
353460,1016,627
353470,3330,1950
353475,656,540
353480,393,312
353490,411,349
353500,356,11
353510,446,0
353520,313,276
353530,690,482
353540,472,0
353550,1843,1481
353560,1066,924
353570,341,260
353580,926,718
353590,218,180
353600,443,405
353610,336,6
353620,512,195
353625,163,139
353630,415,0
353640,372,330
353650,4999,4261
353657,121,0
353660,347,312
353670,1439,0
353680,249,0
353690,281,229
353700,814,0
353710,1336,1047
353715,263,204
353720,462,0
353730,1469,0
353740,856,656
353750,350,0
353760,1877,1200
353770,299,0
353780,1239,987
353790,773,0
353800,3794,4
353810,553,0
353820,435,0
353830,339,283
353850,415,21
353860,805,709
353870,6563,2845
353880,1132,824
353890,478,1
353900,289,0
353910,1022,775
353920,1163,1001
353930,1933,18
353940,299,288
353950,1241,951
353960,275,0
353970,248,215
353980,2907,1
353990,190,0
354000,652,6
354010,252,213
354020,1367,40
354025,248,223
354030,175,163
354040,282,211
354050,306,1
354060,1912,1501
354070,1780,1263
354075,480,0
354080,728,398
354085,211,0
354090,710,2
354100,9922,8460
354105,129,1
354110,247,2
354120,605,4
354130,1290,1033
354140,4136,3459
354150,1116,907
354160,1150,0
354165,185,47
354170,637,496
354180,265,164
354190,533,0
354200,248,0
354210,317,287
354220,1331,1067
354230,232,0
354240,945,719
354250,250,0
354260,1616,1433
354270,295,5
354280,183,0
354290,390,1
354300,710,656
354310,246,0
354320,214,0
354323,187,132
354325,375,341
354330,3603,2790
354340,9460,7360
354350,300,248
354360,217,163
354370,451,0
354380,325,300
354390,4392,2986
354400,839,1
354410,734,508
354420,309,268
354425,1021,0
354430,455,336
354440,218,4
354450,338,285
354460,222,199
354470,232,0
354480,260,247
354490,317,184
354500,535,0
354510,280,161
354515,229,0
354520,2702,20
354530,982,787
354540,407,0
354550,424,371
354560,666,625
354570,277,244
354580,4400,18
354600,557,0
354610,220,167
354620,245,2
354625,221,0
354630,717,0
354640,1107,7
354650,218,0
354660,1303,1097
354670,921,0
354680,1484,2
354690,341,0
354700,222,2
354710,221,177
354720,152,97
354730,6511,5433
354740,236,183
354750,756,635
354760,863,8
354765,155,148
354770,649,566
354780,10099,7257
354790,311,2
354800,835,769
354805,695,605
354810,279,0
354820,360,0
354830,199,187
354840,242,216
354850,12909,9705
354860,427,0
354870,14791,10292
354880,5539,0
354890,4548,0
354900,160,136
354910,2355,1470
354920,163,140
354925,197,176
354930,177,0
354940,862,0
354950,384,0
354960,314,0
354970,1497,1214
354980,5149,3871
354990,11191,8010
354995,703,572
355000,537,0
355010,863,776
355020,696,0
355030,145405,130018
355040,1050,0
355050,373,0
355060,2384,2007
355070,4287,3414
355080,399,92
355090,684,0
355100,6579,5126
355110,432,0
355120,227,204
355130,319,253
355140,411,0
355150,1298,900
355160,984,157
355170,3287,1890
355180,410,0
355190,690,535
355200,291,0
355210,1039,3
355220,10311,8467
355230,399,331
355240,5619,3235
355250,4631,4035
355255,249,226
355260,582,518
355270,520,4
355280,5798,4579
355290,490,0
355300,457,408
355310,219,117
355320,246,2
355330,756,642
355340,786,24
355350,316,0
355360,369,299
355365,215,155
355370,1575,1512
355380,678,642
355385,462,385
355390,331,1
355395,674,506
355400,3496,3067
355410,6911,4790
355420,299,259
355430,931,773
355440,392,0
355450,1365,0
355460,170,97
355465,152,0
355470,320,0
355475,192,0
355480,1332,6
355490,245,184
355495,213,0
355500,1767,1525
355510,460,10
355520,180,174
355530,238,222
355535,359,313
355540,1680,1328
355550,243,0
355560,490,316
355570,164,0
355580,285,201
355590,167,0
355600,435,6
355610,360,311
355620,2895,2381
355630,772,0
355635,314,0
355640,974,837
355645,1242,1143
355650,2307,1856
355660,294,230
355670,2292,0
355680,909,689
355690,233,131
355695,155,126
355700,2272,1957
355710,2015,1639
355715,278,248
355720,559,462
355730,545,0
410010,274,204
410020,279,220
410030,320,214
410040,2275,1875
410045,318,270
410050,528,466
410060,416,327
410070,346,293
410080,436,323
410090,270,207
410100,534,459
410105,229,186
410110,907,666
410115,226,190
410120,761,650
410130,366,220
410140,695,435
410150,3180,2690
410160,846,737
410165,234,191
410170,494,402
410180,5907,4864
410185,210,159
410190,629,540
410200,1327,1145
410210,905,675
410220,218,199
410230,584,228
410240,960,644
410250,448,336
410260,336,243
410270,178,158
410275,226,192
410280,394,343
410290,458,311
410300,279,227
410302,207,170
410304,296,245
410305,473,368
410310,421,301
410315,156,100
410320,332,276
410322,160,129
410330,341,0
410335,227,170
410337,227,172
410340,196,156
410345,623,553
410347,241,159
410350,374,250
410360,722,599
410370,1921,1864
410380,109,68
410390,638,576
410395,249,185
410400,1225,874
410405,252,216
410410,357,240
410420,3061,2575
410425,712,551
410430,2474,1887
410440,582,0
410442,481,373
410445,504,402
410450,572,494
410460,510,413
410465,766,0
410470,525,397
410480,8389,7097
410490,2424,2023
410500,420,392
410510,306,7
410520,768,494
410530,533,460
410540,620,516
410550,1716,1384
410560,410,345
410570,569,357
410580,4742,4094
410590,742,597
410600,373,328
410610,176,168
410620,534,355
410630,697,472
410640,1395,1137
410645,372,211
410650,451,188
410655,193,165
410657,233,179
410660,897,503
410670,204,169
410680,661,513
410685,205,142
410690,47515,32996
410700,388,369
410710,321,275
410712,245,222
410715,234,198
410720,901,695
410725,276,238
410730,250,213
410740,225,183
410750,602,294
410752,171,139
410753,157,106
410754,247,228
410755,271,188
410760,486,354
410765,2305,2024
410770,307,257
410773,322,206
410775,272,257
410780,206,178
410785,245,216
410790,339,279
410800,440,0
410810,196,169
410820,329,160
410830,6547,4955
410832,315,275
410840,1898,1642
410845,306,190
410850,474,300
410855,218,194
410860,869,683
410865,355,230
410870,286,241
410880,923,520
410890,317,276
410895,329,249
410900,222,179
410910,189,181
410920,261,230
410930,706,565
410940,3642,2927
410950,532,342
410960,1610,1246
410965,210,169
410970,538,508
410975,188,157
410980,1448,1154
410990,363,293
411000,263,216
411005,170,121
411007,427,393
411010,719,557
411020,395,327
411030,235,197
411040,276,264
411050,440,415
411060,476,413
411065,171,96
411070,1441,1070
411080,448,407
411090,209,178
411095,236,85
411100,340,261
411110,269,223
411120,327,278
411125,555,404
411130,224,166
411140,304,260
411150,822,575
411155,329,277
411160,209,185
411170,243,224
411180,1409,1
411190,617,448
411200,1107,1053
411210,774,530
411220,293,232
411230,232,207
411240,278,247
411250,499,352
411260,171,130
411270,458,403
411275,364,304
411280,412,0
411290,230,153
411295,237,207
411300,323,244
411310,325,292
411320,1546,1146
411325,325,214
411330,804,576
411340,344,264
411342,222,195
411345,248,203
411350,629,590
411360,284,255
411370,5350,5082
411373,410,338
411375,294,213
411380,255,244
411390,538,437
411400,597,149
411410,669,538
411420,1189,812
411430,818,534
411435,190,161
411440,898,652
411450,454,342
411460,1269,994
411470,274,225
411480,1120,871
411490,311,241
411500,370,280
411510,394,324
411520,9988,8533
411530,215,156
411535,260,199
411540,376,297
411545,177,132
411550,254,0
411560,650,455
411570,1393,1201
411573,235,190
411575,342,295
411580,1100,767
411585,266,198
411590,183,155
411600,172,0
411605,530,368
411610,503,457
411620,626,0
411630,216,179
411640,233,149
411650,180,116
411660,178,137
411670,564,452
411680,303,256
411690,947,783
411695,235,212
411700,371,155
411705,304,227
411710,520,411
411720,266,215
411721,239,183
411722,238,193
411725,344,314
411727,388,256
411729,198,162
411730,893,579
411740,185,146
411745,258,223
411750,992,912
411760,1440,475
411770,971,786
411780,526,438
411790,858,639
411800,387,305
411810,368,327
411820,4744,3863
411830,222,159
411840,2074,1745
411845,326,198
411850,1753,1427
411860,286,0
411870,245,0
411880,412,339
411885,280,166
411890,327,235
411900,224,150
411910,472,321
411915,2813,2139
411920,250,221
411925,150,128
411930,1222,905
411940,623,13
411950,2133,2050
411960,1105,731
411965,204,192
411970,201,154
411980,407,338
411990,6604,0
411995,759,624
412000,599,12
412010,229,0
412015,146,121
412020,238,178
412030,181,166
412033,194,0
412035,268,221
412040,228,190
412050,445,349
412060,1292,951
412065,225,183
412070,337,269
412080,933,645
412085,168,115
412090,839,806
412100,494,374
412110,255,211
412120,539,437
412125,264,192
412130,174,28
412135,210,181
412140,481,276
412150,501,307
412160,216,154
412170,733,635
412175,477,376
412180,505,0
412190,430,1
412200,458,390
412210,226,190
412215,509,442
412217,207,174
412220,1374,1151
412230,1192,834
412240,1483,1340
412250,527,478
412260,355,337
412265,235,223
412270,338,262
412280,216,177
412290,315,302
412300,585,563
412310,195,140
412320,298,250
412330,377,309
412340,325,258
412350,597,456
412360,187,176
412370,285,217
412380,426,319
412382,189,160
412385,387,324
412390,423,352
412395,278,184
412400,310,227
412402,417,345
412405,794,633
412410,1169,947
412420,320,250
412430,237,179
412440,706,486
412450,263,248
412460,276,228
412470,574,516
412480,373,329
412490,270,256
412500,511,455
412510,431,352
412520,369,320
412530,260,212
412535,325,294
412540,249,239
412545,187,144
412550,6829,5648
412555,233,202
412560,1133,763
412570,1054,820
412575,297,227
412580,391,262
412590,202,178
412600,343,213
412610,262,240
412620,292,240
412625,1893,1706
412627,201,164
412630,614,464
412635,291,233
412640,384,298
412650,308,263
412660,612,534
412665,148,140
412667,420,336
412670,238,141
412680,505,391
412690,287,251
412700,421,323
412710,2119,1770
412720,519,440
412730,615,488
412740,477,338
412750,827,672
412760,506,384
412770,3462,2845
412780,286,274
412785,484,429
412788,343,269
412790,430,335
412795,377,325
412796,534,378
412800,747,623
412810,1817,1060
412820,1105,851
412830,210,192
412840,408,307
412850,462,299
412853,379,0
412855,409,311
412860,270,204
412862,390,326
412863,260,150
412865,193,100
412870,236,206
412880,259,209
420005,167,131
420010,765,418
420020,329,225
420030,174,124
420040,315,254
420050,198,150
420055,128,80
420060,186,173
420070,377,198
420075,138,104
420080,220,201
420090,204,179
420100,440,430
420110,171,139
420120,312,168
420125,379,215
420127,173,132
420130,861,564
420140,1064,2
420150,264,14
420160,154,104
420165,126,98
420170,252,177
420180,173,92
420190,271,121
420195,434,170
420200,4702,2863
420205,376,179
420207,370,248
420208,197,109
420209,163,124
420210,810,205
420213,327,248
420215,120,77
420220,322,220
420230,1859,914
420240,7652,5063
420243,310,185
420245,757,504
420250,284,218
420253,249,218
420257,100,89
420260,373,236
420270,174,0
420280,1231,10
420285,220,172
420287,182,182
420290,2573,1231
420300,1892,1131
420310,292,205
420315,323,87
420320,2480,994
420325,280,206
420330,349,252
420340,349,198
420350,375,282
420360,1250,851
420370,458,0
420380,1529,1216
420390,656,496
420395,1187,507
420400,362,259
420410,183,137
420415,249,233
420417,305,228
420419,234,138
420420,5500,2736
420425,611,225
420430,2101,1581
420435,174,149
420440,322,221
420445,156,133
420450,456,0
420455,493,460
420460,5240,1726
420470,295,265
420475,111,62
420480,1231,599
420490,256,153
420500,526,443
420510,135,111
420515,137,0
420517,233,153
420519,130,93
420520,174,151
420530,428,373
420535,140,114
420540,9782,8474
420543,109,81
420545,880,413
420550,1340,806
420555,181,151
420560,204,151
420570,709,290
420580,481,414
420590,1606,891
420600,655,241
420610,327,207
420620,431,269
420630,669,347
420640,317,219
420650,931,0
420660,224,172
420665,202,170
420670,626,486
420675,128,70
420680,105,80
420690,583,315
420700,1811,597
420710,517,195
420720,421,240
420730,1560,0
420740,242,193
420750,1708,1114
420757,152,127
420760,193,139
420765,255,234
420768,302,271
420770,322,210
420775,173,142
420780,439,183
420785,138,110
420790,400,250
420800,436,300
420810,667,433
420820,5888,3897
420830,1752,0
420840,562,367
420845,566,399
420850,779,494
420860,243,141
420870,392,209
420880,728,509
420890,3981,2989
420895,136,136
420900,860,491
420910,10164,9732
420915,216,121
420917,125,100
420920,131,77
420930,5209,2893
420940,1736,754
420945,128,103
420950,273,227
420960,536,1
420970,378,325
420980,225,161
420985,164,138
420990,365,249
421000,400,6
421003,234,0
421005,193,64
421010,1945,1310
421020,193,171
421030,314,166
421040,343,131
421050,791,628
421055,153,131
421060,488,318
421070,189,148
421080,283,178
421085,177,152
421090,151,126
421100,332,232
421105,383,289
421110,392,123
421120,615,261
421125,158,131
421130,2747,1677
421140,178,121
421145,153,114
421150,537,138
421160,489,181
421165,127,75
421170,712,540
421175,505,351
421180,290,189
421185,212,180
421187,112,76
421189,151,115
421190,2920,2314
421200,307,200
421205,236,166
421210,522,272
421220,563,284
421223,186,103
421225,254,211
421227,263,212
421230,342,207
421240,192,137
421250,1105,0
421260,136,108
421270,210,166
421280,844,364
421290,597,527
421300,135,101
421310,357,208
421315,152,98
421320,976,580
421330,286,272
421335,197,127
421340,409,230
421350,959,444
421360,1026,644
421370,437,290
421380,285,189
421390,152,105
421400,507,310
421410,210,181
421415,156,132
421420,377,300
421430,160,103
421440,328,153
421450,221,172
421460,208,176
421470,312,269
421480,1830,842
421490,206,188
421500,1388,1284
421505,245,157
421507,188,133
421510,385,209
421520,220,158
421530,259,167
421535,141,84
421540,241,109
421545,391,370
421550,502,342
421555,127,108
421560,182,172
421565,303,195
421567,352,326
421568,133,120
421569,115,69
421570,663,470
421575,158,134
421580,2656,1939
421590,172,136
421600,358,246
421605,210,175
421610,324,212
421620,1910,1389
421625,177,96
421630,963,472
421635,224,0
421640,326,141
421650,892,503
421660,687,0
421670,442,299
421680,306,9
421690,582,419
421700,326,217
421710,184,122
421715,122,106
421720,903,478
421725,189,141
421730,270,240
421740,468,0
421750,527,276
421755,133,78
421760,509,15
421770,921,446
421775,110,66
421780,707,494
421790,312,139
421795,123,112
421800,1171,807
421810,311,183
421820,1512,667
421825,401,220
421830,983,706
421835,252,0
421840,234,201
421850,232,118
421860,304,183
421870,2501,279
421875,188,123
421880,445,219
421885,118,99
421890,504,324
421895,164,124
421900,649,11
421910,155,113
421915,345,203
421917,294,230
421920,278,200
421930,1555,872
421935,183,146
421940,187,102
421950,1356,1061
421960,157,81
421970,1098,716
421985,178,151
430003,314,255
430005,233,156
430010,411,347
430020,251,212
430030,193,158
430040,2687,2160
430045,197,164
430047,162,114
430050,250,190
430055,148,102
430057,138,116
430060,3140,2361
430063,429,281
430064,313,206
430066,99,71
430070,191,137
430080,397,326
430085,259,174
430087,487,236
430090,294,215
430100,549,169
430105,544,322
430107,231,154
430110,660,297
430120,486,355
430130,591,274
430140,239,195
430150,216,168
430155,150,141
430160,4235,3323
430163,722,460
430165,209,145
430170,191,177
430175,265,248
430180,280,266
430185,197,118
430187,421,0
430190,420,279
430192,111,88
430195,135,106
430200,467,373
430205,129,91
430210,3081,1758
430215,180,137
430220,265,211
430222,169,134
430223,258,158
430225,107,92
430230,412,228
430235,272,219
430237,189,72
430240,457,346
430245,259,200
430250,396,312
430258,107,73
430260,234,165
430265,153,106
430270,769,220
430280,1250,994
430290,505,351
430300,2244,2006
430310,3252,2637
430320,202,165
430330,226,185
430340,220,168
430350,1832,1489
430355,105,96
430360,339,233
430367,169,135
430370,213,157
430380,253,203
430390,1892,1503
430400,246,171
430410,194,152
430420,637,510
430430,250,190
430435,476,363
430440,1116,895
430450,1636,1144
430460,5703,4392
430461,128,0
430462,75,40
430463,1795,1381
430465,240,172
430466,871,715
430467,237,196
430468,429,286
430469,156,86
430470,1535,1094
430471,245,170
430480,520,367
430485,132,106
430490,267,125
430495,151,102
430500,345,193
430510,7170,5943
430511,164,122
430512,326,234
430513,225,193
430515,183,130
430517,386,273
430520,282,261
430530,403,271
430535,1648,900
430537,148,103
430540,336,126
430543,364,212
430544,202,144
430545,822,528
430550,243,136
430558,113,74
430560,232,192
430570,279,224
430580,334,284
430583,82,7
430585,130,103
430587,141,86
430590,320,284
430593,73,54
430595,166,113
430597,219,125
430600,487,277
430605,294,250
430607,235,169
430610,1627,1161
430613,124,90
430620,297,207
430630,212,162
430632,184,61
430635,146,110
430637,181,139
430640,819,735
430642,244,220
430645,90,78
430650,416,254
430655,179,148
430660,1290,1155
430670,123,109
430673,214,181
430675,83,43
430676,1116,799
430680,437,258
430690,1064,671
430692,119,81
430693,292,236
430695,188,158
430697,159,129
430700,2427,2019
430705,154,86
430710,563,458
430720,202,170
430730,300,212
430740,193,158
430745,171,148
430750,442,371
430755,188,167
430760,1109,950
430770,2492,1980
430780,1065,692
430781,243,194
430783,179,129
430786,131,104
430790,1171,918
430800,221,173
430805,170,143
430807,152,104
430810,372,300
430820,642,535
430825,134,110
430830,383,268
430840,327,261
430843,143,0
430845,303,218
430850,1035,690
430860,702,577
430865,266,167
430870,225,185
430880,338,1
430885,128,75
430890,447,369
430900,661,460
430905,372,222
430910,1088,903
430912,182,81
430915,200,124
430920,5143,3786
430925,104,90
430930,1703,1486
430940,730,575
430950,333,288
430955,162,110
430957,182,182
430960,671,517
430965,288,183
430970,253,201
430975,218,118
430980,203,162
430990,226,173
430995,239,120
431000,528,393
431010,1065,777
431020,2168,1711
431030,171,105
431033,1710,716
431036,131,0
431040,276,209
431041,234,218
431043,231,199
431046,140,114
431050,289,173
431053,246,168
431055,238,201
431057,140,125
431060,1723,1033
431065,190,143
431070,209,153
431075,105,90
431080,727,529
431085,182,126
431087,184,149
431090,178,124
431100,931,732
431110,417,338
431112,170,121
431113,186,158
431115,319,210
431120,671,565
431123,136,81
431125,310,213
431127,117,87
431130,613,496
431140,2017,7
431142,180,152
431150,433,382
431160,224,139
431162,277,182
431164,83,66
431170,179,142
431171,359,202
431173,170,75
431175,344,285
431177,273,215
431179,147,123
431180,1416,991
431190,159,112
431198,273,132
431200,153,112
431205,171,0
431210,216,184
431213,170,138
431215,189,145
431217,114,67
431220,247,168
431225,297,178
431230,286,150
431235,70,59
431237,171,140
431238,115,95
431240,1515,1222
431242,185,89
431244,139,106
431245,276,208
431247,233,164
431250,585,480
431260,228,183
431261,189,156
431262,132,103
431265,501,394
431267,112,66
431270,520,336
431275,187,169
431280,145,113
431290,274,245
431295,118,91
431300,132,98
431301,123,107
431303,229,145
431306,855,584
431308,77,65
431310,270,204
431320,470,364
431330,747,483
431333,137,93
431335,124,89
431337,863,629
431339,237,129
431340,4109,3189
431342,178,123
431344,207,96
431346,125,107
431349,213,171
431350,1498,1172
431360,205,172
431365,536,365
431370,1039,744
431380,266,176
431390,1460,1204
431395,350,306
431400,207,182
431402,207,180
431403,187,134
431405,1822,1129
431406,171,130
431407,275,189
431410,3150,2359
431413,101,85
431415,217,174
431417,251,205
431420,285,179
431430,273,206
431440,8221,5603
431442,190,125
431445,138,98
431446,212,159
431447,258,226
431449,241,185
431450,580,441
431455,173,161
431460,722,595
431470,322,250
431475,82,66
431477,280,142
431478,95,69
431480,870,628
431490,16717,13313
431500,175,149
431505,142,94
431507,113,89
431510,418,332
431513,162,120
431514,124,80
431515,199,121
431517,87,79
431520,152,109
431530,729,512
431531,114,97
431532,172,162
431535,181,134
431540,367,251
431545,94,0
431550,502,357
431555,237,190
431560,4408,3389
431570,576,86
431575,194,159
431580,284,196
431590,270,188
431595,164,136
431600,523,19
431610,272,222
431620,231,126
431630,259,205
431640,1072,829
431642,167,133
431643,195,167
431645,427,353
431647,146,88
431650,291,253
431660,581,433
431670,406,350
431673,153,108
431675,225,165
431680,3260,2313
431690,3945,3102
431695,259,197
431697,201,156
431700,476,339
431710,2107,1190
431720,1506,1265
431725,81,68
431730,1876,1110
431740,1289,1020
431750,1870,1408
431755,112,75
431760,1200,920
431770,379,343
431775,168,115
431780,468,373
431790,417,358
431795,171,136
431800,1965,1151
431805,137,110
431810,765,580
431820,678,24
431830,1532,987
431840,592,370
431842,186,133
431843,150,136
431844,113,97
431845,155,107
431846,133,97
431848,146,102
431849,143,121
431850,732,641
431860,249,173
431861,113,91
431862,199,134
431870,4924,3726
431880,1548,1091
431890,854,731
431900,628,534
431910,278,246
431912,136,108
431915,317,260
431920,300,162
431930,232,205
431935,162,133
431936,239,217
431937,125,101
431940,533,484
431950,698,563
431960,859,712
431970,214,130
431971,93,66
431973,182,128
431975,108,84
431980,311,165
431990,2715,1834
432000,2466,1546
432010,575,421
432020,480,327
432023,164,132
432026,250,143
432030,246,202
432032,144,117
432035,236,158
432040,538,480
432045,117,90
432050,353,270
432055,222,188
432057,127,103
432060,168,139
432065,138,108
432067,337,299
432070,456,345
432080,754,457
432085,222,113
432090,622,382
432100,320,259
432110,549,340
432120,1463,1092
432130,591,387
432132,135,99
432135,257,218
432140,530,316
432143,388,276
432145,720,432
432146,172,118
432147,214,108
432149,129,112
432150,1128,737
432160,1422,1155
432162,123,2
432163,125,100
432166,250,191
432170,835,638
432180,605,461
432183,199,156
432185,168,141
432190,741,524
432195,323,217
432200,1819,1113
432210,235,180
432215,247,168
432218,127,105
432220,950,641
432225,187,134
432230,265,217
432232,248,171
432234,132,87
432235,108,82
432237,187,117
432240,3007,776
432250,1629,1364
432252,218,136
432253,273,227
432254,181,151
432255,143,54
432260,1330,972
432270,726,480
432280,638,410
432285,86,67
432290,173,143
432300,3776,3295
432310,255,217
432320,189,155
432330,156,92
432335,135,112
432340,213,173
432345,221,174
432350,137,109
432360,103,75
432370,169,99
432375,186,97
432377,156,6
432380,999,672
500020,816,547
500025,358,239
500060,1464,911
500070,882,471
500080,555,399
500085,487,339
500090,568,306
500100,742,575
500110,2238,1057
500124,587,185
500150,400,222
500190,731,641
500200,517,390
500210,819,681
500215,679,458
500220,858,661
500230,742,522
500240,939,773
500260,642,363
500270,15750,14431
500280,382,274
500290,852,742
500295,1016,745
500310,389,340
500315,858,490
500320,3488,2405
500325,918,431
500330,1123,834
500345,577,363
500348,620,409
500350,347,278
500370,5318,3004
500375,438,272
500380,489,335
500390,186,79
500400,304,225
500410,377,196
500430,548,396
500440,375,314
500450,855,548
500460,823,609
500470,792,699
500480,412,274
500490,338,287
500500,1013,626
500510,362,257
500515,332,204
500520,958,643
500525,424,269
500540,1615,879
500560,1248,652
500568,615,403
500570,1913,1492
500580,721,474
500600,1039,642
500620,1515,1371
500625,297,115
500630,1360,1050
500635,646,433
500640,411,326
500660,3023,2036
500690,1087,662
500710,1082,616
500720,1169,841
500730,320,233
500740,919,580
500750,261,214
500755,464,341
500769,790,569
500770,357,326
500780,456,230
500790,2076,1318
500793,598,383
500795,508,340
500797,427,333
500800,772,502
500830,4742,3578
500840,284,165
510010,247,136
510020,763,740
510025,1693,964
510030,817,661
510035,325,221
510040,573,426
510050,133,102
510060,583,318
510080,377,304
510100,233,163
510120,193,172
510125,553,422
510130,263,160
510140,744,600
510160,233,204
510170,1163,683
510180,2001,1373
510185,208,143
510190,625,484
510250,2007,1287
510260,563,331
510263,783,627
510267,1002,600
510268,423,364
510269,220,102
510270,650,366
510279,492,300
510285,206,25
510300,717,434
510305,308,254
510310,390,250
510320,873,571
510325,1041,495
510330,788,649
510335,1009,568
510336,201,160
510337,493,465
510340,15683,8602
510343,240,143
510345,223,152
510350,827,674
510360,291,219
510370,369,310
510380,171,125
510385,293,88
510390,283,132
510395,104,75
510410,998,665
510420,526,263
510450,195,172
510452,255,218
510454,186,156
510455,221,160
510460,982,449
510480,845,555
510490,256,173
510500,428,313
510510,1057,831
510515,1170,927
510517,295,144
510520,370,296
510523,236,133
510525,1318,1074
510530,238,195
510550,662,617
510558,537,370
510560,659,300
510562,586,513
510590,690,430
510600,225,187
510610,402,341
510615,401,197
510617,230,125
510618,346,231
510619,193,149
510620,250,184
510621,549,405
510622,1060,671
510623,706,528
510624,532,282
510625,557,437
510626,350,232
510627,232,212
510628,359,277
510629,472,366
510630,792,542
510631,153,117
510637,625,316
510642,1104,631
510645,189,166
510650,903,766
510665,249,153
510670,129,60
510675,8,6
510677,405,205
510680,288,169
510682,423,288
510685,208,147
510700,838,573
510704,2039,1484
510706,632,344
510710,470,402
510715,190,168
510718,291,127
510719,199,178
510720,283,257
510724,227,199
510726,171,129
510729,200,162
510730,526,488
510735,310,211
510740,231,176
510757,317,246
510760,5363,1995
510770,484,340
510774,145,116
510775,241,204
510776,206,140
510777,346,238
510779,308,190
510780,854,309
510785,398,256
510787,719,719
510788,190,160
510790,3624,2926
510792,1851,1065
510794,417,320
510795,1552,1153
510800,460,335
510805,495,291
510810,280,103
510820,217,164
510830,222,169
510835,263,208
510840,8236,3679
510850,460,325
510860,524,416
510880,216,161
510885,198,124
510890,289,260
510895,379,217
520005,313,220
520010,563,332
520013,818,758
520015,179,40
520017,296,212
520020,262,175
520025,2983,1307
520030,839,728
520050,181,135
520055,526,312
520060,404,303
520080,376,276
520082,219,166
520085,273,136
520090,206,191
520110,8797,6827
520120,174,113
520130,660,258
520140,8967,5416
520145,236,158
520150,330,160
520160,208,106
520170,681,214
520180,416,231
520215,249,144
520235,250,159
520250,454,188
520260,191,158
520280,253,105
520310,195,123
520320,928,593
520330,1089,489
520340,317,137
520350,846,682
520355,374,251
520357,199,150
520360,161,69
520380,308,161
520390,464,304
520393,197,142
520396,242,75
520400,340,267
520410,326,264
520420,159,150
520425,694,490
520430,461,351
520440,495,433
520450,2670,1385
520455,243,224
520460,198,153
520465,314,235
520470,449,372
520480,221,150
520485,310,261
520490,921,612
520495,326,239
520500,410,354
520505,290,269
520510,1579,1135
520520,281,216
520530,713,542
520540,630,341
520545,431,281
520547,457,328
520549,1997,1174
520551,594,511
520552,319,133
520570,186,159
520580,388,275
520590,554,334
520620,1858,1266
520630,244,145
520640,1121,455
520650,306,209
520660,204,156
520670,235,154
520680,224,127
520690,225,48
520710,206,176
520725,389,322
520735,347,312
520740,577,523
520750,249,240
520753,453,396
520760,324,140
520780,312,162
520790,565,483
520800,3038,2713
520810,212,167
520815,249,174
520830,251,201
520840,362,161
520850,211,110
520860,2104,1543
520870,32148,24581
520880,907,700
520890,796,444
520910,1569,1277
520915,350,246
520920,612,386
520929,201,157
520940,238,210
520945,250,70
520960,251,126
520970,627,510
520980,371,158
520990,542,423
520993,403,218
520995,597,469
521000,1456,1199
521010,1162,881
521015,201,154
521020,901,787
521030,183,71
521040,862,117
521056,124,82
521060,255,133
521080,537,329
521090,600,506
521100,348,252
521120,891,651
521130,390,250
521140,309,218
521150,4322,2159
521160,216,175
521170,362,284
521180,1130,802
521190,3445,2128
521200,266,206
521205,185,128
521210,372,297
521220,753,714
521225,143,120
521230,492,281
521250,5802,3834
521260,230,135
521270,284,203
521280,468,396
521290,208,142
521295,478,325
521300,338,196
521305,268,82
521308,1782,1036
521310,1386,1149
521340,157,142
521350,311,225
521370,417,358
521375,516,290
521377,95,75
521380,1739,1185
521385,186,64
521390,270,157
521400,698,370
521405,361,225
521410,263,253
521440,362,240
521450,1025,718
521460,1976,1398
521470,342,213
521480,136,109
521483,600,383
521486,302,165
521487,253,140
521490,246,130
521500,315,163
521520,198,140
521523,1898,1408
521525,318,272
521530,576,456
521540,286,235
521550,273,99
521560,1110,822
521565,211,138
521570,838,573
521580,217,140
521590,331,163
521600,242,120
521630,395,345
521640,401,296
521645,271,145
521680,461,310
521690,251,123
521710,975,660
521720,353,232
521730,786,633
521740,1074,640
521760,3305,2179
521770,643,503
521800,1378,1099
521805,245,188
521810,215,200
521830,1074,856
521839,218,133
521850,1308,1140
521860,455,285
521870,221,168
521878,427,344
521880,6289,3815
521890,627,510
521900,287,250
521910,242,163
521920,239,152
521925,310,250
521930,1338,710
521935,325,225
521940,246,187
521945,170,123
521950,214,130
521960,255,212
521970,495,399
521971,407,102
521973,327,171
521975,2394,1915
521980,518,518
521990,293,224
522000,463,363
522005,184,141
522010,898,797
522015,317,241
522020,924,759
522026,252,180
522028,219,133
522040,829,653
522045,4180,2025
522050,459,247
522060,681,413
522068,326,240
522070,213,118
522100,200,151
522108,276,172
522119,236,184
522130,279,200
522140,2893,1420
522145,226,176
522150,306,193
522155,392,270
522157,252,159
522160,1185,923
522170,419,300
522180,239,198
522185,3141,1784
522190,192,136
522200,556,480
522205,446,394
522220,340,291
522230,261,61
530010,124933,108633